{
    "loss": 0.5386772155761719,
    "accuracy": 0.7549019455909729
}