{
    "loss": 7.260171413421631,
    "accuracy": 0.5686274766921997
}