{
    "loss": 2.48042631149292,
    "accuracy": 0.45098039507865906
}