{
    "loss": 13.992395401000977,
    "accuracy": 0.5686274766921997
}