{
    "loss": 18.711950302124023,
    "accuracy": 0.4313725531101227
}